source,age_group,year,quarter,period,homeownership_rate
Census HVS,35 to 44 years,1994,Q1,1994 Q1,64.4
Census HVS,35 to 44 years,1994,Q2,1994 Q2,64.6
Census HVS,35 to 44 years,1994,Q3,1994 Q3,64.3
Census HVS,35 to 44 years,1994,Q4,1994 Q4,64.7
Census HVS,35 to 44 years,1995,Q1,1995 Q1,64.9
Census HVS,35 to 44 years,1995,Q2,1995 Q2,65.1
Census HVS,35 to 44 years,1995,Q3,1995 Q3,65.4
Census HVS,35 to 44 years,1995,Q4,1995 Q4,65.5
Census HVS,35 to 44 years,1996,Q1,1996 Q1,64.6
Census HVS,35 to 44 years,1996,Q2,1996 Q2,65.5
Census HVS,35 to 44 years,1996,Q3,1996 Q3,66.3
Census HVS,35 to 44 years,1996,Q4,1996 Q4,65.5
Census HVS,35 to 44 years,1997,Q1,1997 Q1,65.5
Census HVS,35 to 44 years,1997,Q2,1997 Q2,66.3
Census HVS,35 to 44 years,1997,Q3,1997 Q3,66.5
Census HVS,35 to 44 years,1997,Q4,1997 Q4,65.9
Census HVS,35 to 44 years,1998,Q1,1998 Q1,65.9
Census HVS,35 to 44 years,1998,Q2,1998 Q2,66.2
Census HVS,35 to 44 years,1998,Q3,1998 Q3,67.8
Census HVS,35 to 44 years,1998,Q4,1998 Q4,67.6
Census HVS,35 to 44 years,1999,Q1,1999 Q1,67.0
Census HVS,35 to 44 years,1999,Q2,1999 Q2,66.5
Census HVS,35 to 44 years,1999,Q3,1999 Q3,67.4
Census HVS,35 to 44 years,1999,Q4,1999 Q4,67.9
Census HVS,35 to 44 years,2000,Q1,2000 Q1,67.3
Census HVS,35 to 44 years,2000,Q2,2000 Q2,67.5
Census HVS,35 to 44 years,2000,Q3,2000 Q3,68.4
Census HVS,35 to 44 years,2000,Q4,2000 Q4,68.3
Census HVS,35 to 44 years,2001,Q1,2001 Q1,68.1
Census HVS,35 to 44 years,2001,Q1,2001 Q1,68.6
Census HVS,35 to 44 years,2001,Q2,2001 Q2,68.1
Census HVS,35 to 44 years,2001,Q2,2001 Q2,67.8
Census HVS,35 to 44 years,2001,Q3,2001 Q3,68.6
Census HVS,35 to 44 years,2001,Q3,2001 Q3,68.8
Census HVS,35 to 44 years,2001,Q4,2001 Q4,68.2
Census HVS,35 to 44 years,2001,Q4,2001 Q4,69.0
Census HVS,35 to 44 years,2003,Q1,2003 Q1,67.8
Census HVS,35 to 44 years,2003,Q2,2003 Q2,68.2
Census HVS,35 to 44 years,2003,Q3,2003 Q3,68.6
Census HVS,35 to 44 years,2003,Q4,2003 Q4,69.0
Census HVS,35 to 44 years,2004,Q1,2004 Q1,68.8
Census HVS,35 to 44 years,2004,Q2,2004 Q2,69.4
Census HVS,35 to 44 years,2004,Q3,2004 Q3,68.6
Census HVS,35 to 44 years,2004,Q4,2004 Q4,70.0
Census HVS,35 to 44 years,2005,Q1,2005 Q1,70.1
Census HVS,35 to 44 years,2005,Q2,2005 Q2,68.7
Census HVS,35 to 44 years,2005,Q3,2005 Q3,68.6
Census HVS,35 to 44 years,2005,Q4,2005 Q4,69.7
Census HVS,35 to 44 years,2006,Q1,2006 Q1,68.9
Census HVS,35 to 44 years,2006,Q2,2006 Q2,68.9
Census HVS,35 to 44 years,2006,Q3,2006 Q3,68.8
Census HVS,35 to 44 years,2006,Q4,2006 Q4,68.9
Census HVS,35 to 44 years,2007,Q1,2007 Q1,68.3
Census HVS,35 to 44 years,2007,Q2,2007 Q2,67.6
Census HVS,35 to 44 years,2007,Q3,2007 Q3,68.1
Census HVS,35 to 44 years,2007,Q4,2007 Q4,67.2
Census HVS,35 to 44 years,2008,Q1,2008 Q1,66.7
Census HVS,35 to 44 years,2008,Q2,2008 Q2,67.6
Census HVS,35 to 44 years,2008,Q3,2008 Q3,67.2
Census HVS,35 to 44 years,2008,Q4,2008 Q4,66.6
Census HVS,35 to 44 years,2009,Q1,2009 Q1,65.7
Census HVS,35 to 44 years,2009,Q2,2009 Q2,66.8
Census HVS,35 to 44 years,2009,Q3,2009 Q3,66.5
Census HVS,35 to 44 years,2009,Q4,2009 Q4,65.7
Census HVS,35 to 44 years,2010,Q1,2010 Q1,65.3
Census HVS,35 to 44 years,2010,Q2,2010 Q2,65.6
Census HVS,35 to 44 years,2010,Q3,2010 Q3,65.2
Census HVS,35 to 44 years,2010,Q4,2010 Q4,63.9
Census HVS,35 to 44 years,2011,Q1,2011 Q1,64.4
Census HVS,35 to 44 years,2011,Q2,2011 Q2,63.8
Census HVS,35 to 44 years,2011,Q3,2011 Q3,63.4
Census HVS,35 to 44 years,2011,Q4,2011 Q4,62.3
Census HVS,35 to 44 years,2012,Q1,2012 Q1,61.4
Census HVS,35 to 44 years,2012,Q2,2012 Q2,62.2
Census HVS,35 to 44 years,2012,Q3,2012 Q3,61.8
Census HVS,35 to 44 years,2012,Q4,2012 Q4,60.4
Census HVS,35 to 44 years,2013,Q1,2013 Q1,60.1
Census HVS,35 to 44 years,2013,Q2,2013 Q2,60.3
Census HVS,35 to 44 years,2013,Q3,2013 Q3,61.1
Census HVS,35 to 44 years,2013,Q4,2013 Q4,60.9
Census HVS,35 to 44 years,2014,Q1,2014 Q1,60.7
Census HVS,35 to 44 years,2014,Q2,2014 Q2,60.2
Census HVS,35 to 44 years,2014,Q3,2014 Q3,59.1
Census HVS,35 to 44 years,2014,Q4,2014 Q4,58.8
Census HVS,35 to 44 years,2015,Q1,2015 Q1,58.4
Census HVS,35 to 44 years,2015,Q2,2015 Q2,58.0
Census HVS,35 to 44 years,2015,Q3,2015 Q3,58.1
Census HVS,35 to 44 years,2015,Q4,2015 Q4,59.3
Census HVS,35 to 44 years,2016,Q1,2016 Q1,58.9
Census HVS,35 to 44 years,2016,Q2,2016 Q2,58.3
Census HVS,35 to 44 years,2016,Q3,2016 Q3,58.4
Census HVS,35 to 44 years,2016,Q4,2016 Q4,58.7
Census HVS,35 to 44 years,2017,Q1,2017 Q1,59.0
Census HVS,35 to 44 years,2017,Q2,2017 Q2,58.8
Census HVS,35 to 44 years,2017,Q3,2017 Q3,59.3
Census HVS,35 to 44 years,2017,Q4,2017 Q4,58.9
Census HVS,35 to 44 years,2018,Q1,2018 Q1,59.8
Census HVS,35 to 44 years,2018,Q2,2018 Q2,60.0
Census HVS,35 to 44 years,2018,Q3,2018 Q3,59.5
Census HVS,35 to 44 years,2018,Q4,2018 Q4,61.1
Census HVS,35 to 44 years,2019,Q1,2019 Q1,60.3
Census HVS,35 to 44 years,2019,Q2,2019 Q2,59.4
Census HVS,35 to 44 years,2019,Q3,2019 Q3,60.3
Census HVS,35 to 44 years,2019,Q4,2019 Q4,60.4
Census HVS,35 to 44 years,2020,Q1,2020 Q1,61.5
Census HVS,35 to 44 years,2020,Q2,2020 Q2,64.3
Census HVS,35 to 44 years,2020,Q3,2020 Q3,63.9
Census HVS,35 to 44 years,2020,Q4,2020 Q4,61.0
Census HVS,35 to 44 years,2021,Q1,2021 Q1,62.0
Census HVS,35 to 44 years,2021,Q2,2021 Q2,61.3
Census HVS,35 to 44 years,2021,Q3,2021 Q3,61.3
Census HVS,35 to 44 years,2021,Q4,2021 Q4,61.4
Census HVS,35 to 44 years,2022,Q1,2022 Q1,62.3
Census HVS,35 to 44 years,2022,Q2,2022 Q2,61.9
Census HVS,35 to 44 years,2022,Q3,2022 Q3,62.5
Census HVS,35 to 44 years,2022,Q4,2022 Q4,62.2
Census HVS,35 to 44 years,2023,Q1,2023 Q1,62.6
Census HVS,35 to 44 years,2023,Q2,2023 Q2,63.1
Census HVS,35 to 44 years,2023,Q3,2023 Q3,62.9
Census HVS,35 to 44 years,2023,Q4,2023 Q4,62.0
Census HVS,35 to 44 years,2024,Q1,2024 Q1,61.4
Census HVS,35 to 44 years,2024,Q2,2024 Q2,62.2
Census HVS,35 to 44 years,2024,Q3,2024 Q3,62.3
Census HVS,35 to 44 years,2024,Q4,2024 Q4,61.4
Census HVS,35 to 44 years,2025,Q1,2025 Q1,60.3
Census HVS,35 to 44 years,2025,Q2,2025 Q2,61.0
Census HVS,35 to 44 years,2025,Q3,2025 Q3,61.1
Census HVS,35 to 44 years,2025,Q4,2025 Q4,60.9
Census HVS,45 to 54 years,1994,Q1,1994 Q1,75.0
Census HVS,45 to 54 years,1994,Q2,1994 Q2,75.2
Census HVS,45 to 54 years,1994,Q3,1994 Q3,75.5
Census HVS,45 to 54 years,1994,Q4,1994 Q4,74.9
Census HVS,45 to 54 years,1995,Q1,1995 Q1,74.9
Census HVS,45 to 54 years,1995,Q2,1995 Q2,75.2
Census HVS,45 to 54 years,1995,Q3,1995 Q3,75.4
Census HVS,45 to 54 years,1995,Q4,1995 Q4,75.2
Census HVS,45 to 54 years,1996,Q1,1996 Q1,75.5
Census HVS,45 to 54 years,1996,Q2,1996 Q2,75.5
Census HVS,45 to 54 years,1996,Q3,1996 Q3,75.9
Census HVS,45 to 54 years,1996,Q4,1996 Q4,75.6
Census HVS,45 to 54 years,1997,Q1,1997 Q1,75.5
Census HVS,45 to 54 years,1997,Q2,1997 Q2,75.6
Census HVS,45 to 54 years,1997,Q3,1997 Q3,76.3
Census HVS,45 to 54 years,1997,Q4,1997 Q4,75.7
Census HVS,45 to 54 years,1998,Q1,1998 Q1,75.9
Census HVS,45 to 54 years,1998,Q2,1998 Q2,75.5
Census HVS,45 to 54 years,1998,Q3,1998 Q3,76.3
Census HVS,45 to 54 years,1998,Q4,1998 Q4,74.9
Census HVS,45 to 54 years,1999,Q1,1999 Q1,76.2
Census HVS,45 to 54 years,1999,Q2,1999 Q2,76.4
Census HVS,45 to 54 years,1999,Q3,1999 Q3,76.3
Census HVS,45 to 54 years,1999,Q4,1999 Q4,75.2
Census HVS,45 to 54 years,2000,Q1,2000 Q1,76.0
Census HVS,45 to 54 years,2000,Q2,2000 Q2,76.7
Census HVS,45 to 54 years,2000,Q3,2000 Q3,76.8
Census HVS,45 to 54 years,2000,Q4,2000 Q4,76.4
Census HVS,45 to 54 years,2001,Q1,2001 Q1,76.5
Census HVS,45 to 54 years,2001,Q1,2001 Q1,76.0
Census HVS,45 to 54 years,2001,Q2,2001 Q2,77.2
Census HVS,45 to 54 years,2001,Q2,2001 Q2,76.3
Census HVS,45 to 54 years,2001,Q3,2001 Q3,77.1
Census HVS,45 to 54 years,2001,Q3,2001 Q3,76.5
Census HVS,45 to 54 years,2001,Q4,2001 Q4,76.2
Census HVS,45 to 54 years,2001,Q4,2001 Q4,77.2
Census HVS,45 to 54 years,2003,Q1,2003 Q1,76.5
Census HVS,45 to 54 years,2003,Q2,2003 Q2,76.3
Census HVS,45 to 54 years,2003,Q3,2003 Q3,76.4
Census HVS,45 to 54 years,2003,Q4,2003 Q4,76.4
Census HVS,45 to 54 years,2004,Q1,2004 Q1,77.0
Census HVS,45 to 54 years,2004,Q2,2004 Q2,77.0
Census HVS,45 to 54 years,2004,Q3,2004 Q3,77.4
Census HVS,45 to 54 years,2004,Q4,2004 Q4,77.4
Census HVS,45 to 54 years,2005,Q1,2005 Q1,76.5
Census HVS,45 to 54 years,2005,Q2,2005 Q2,76.3
Census HVS,45 to 54 years,2005,Q3,2005 Q3,76.7
Census HVS,45 to 54 years,2005,Q4,2005 Q4,76.7
Census HVS,45 to 54 years,2006,Q1,2006 Q1,75.8
Census HVS,45 to 54 years,2006,Q2,2006 Q2,76.3
Census HVS,45 to 54 years,2006,Q3,2006 Q3,76.4
Census HVS,45 to 54 years,2006,Q4,2006 Q4,76.4
Census HVS,45 to 54 years,2007,Q1,2007 Q1,75.8
Census HVS,45 to 54 years,2007,Q2,2007 Q2,75.5
Census HVS,45 to 54 years,2007,Q3,2007 Q3,75.2
Census HVS,45 to 54 years,2007,Q4,2007 Q4,75.1
Census HVS,45 to 54 years,2008,Q1,2008 Q1,75.0
Census HVS,45 to 54 years,2008,Q2,2008 Q2,75.4
Census HVS,45 to 54 years,2008,Q3,2008 Q3,75.2
Census HVS,45 to 54 years,2008,Q4,2008 Q4,74.5
Census HVS,45 to 54 years,2009,Q1,2009 Q1,74.6
Census HVS,45 to 54 years,2009,Q2,2009 Q2,74.5
Census HVS,45 to 54 years,2009,Q3,2009 Q3,74.5
Census HVS,45 to 54 years,2009,Q4,2009 Q4,74.0
Census HVS,45 to 54 years,2010,Q1,2010 Q1,74.8
Census HVS,45 to 54 years,2010,Q2,2010 Q2,73.6
Census HVS,45 to 54 years,2010,Q3,2010 Q3,73.0
Census HVS,45 to 54 years,2010,Q4,2010 Q4,72.7
Census HVS,45 to 54 years,2011,Q1,2011 Q1,73.1
Census HVS,45 to 54 years,2011,Q2,2011 Q2,72.3
Census HVS,45 to 54 years,2011,Q3,2011 Q3,72.7
Census HVS,45 to 54 years,2011,Q4,2011 Q4,72.7
Census HVS,45 to 54 years,2012,Q1,2012 Q1,71.3
Census HVS,45 to 54 years,2012,Q2,2012 Q2,71.4
Census HVS,45 to 54 years,2012,Q3,2012 Q3,72.0
Census HVS,45 to 54 years,2012,Q4,2012 Q4,72.1
Census HVS,45 to 54 years,2013,Q1,2013 Q1,71.3
Census HVS,45 to 54 years,2013,Q2,2013 Q2,70.9
Census HVS,45 to 54 years,2013,Q3,2013 Q3,71.3
Census HVS,45 to 54 years,2013,Q4,2013 Q4,71.4
Census HVS,45 to 54 years,2014,Q1,2014 Q1,71.4
Census HVS,45 to 54 years,2014,Q2,2014 Q2,70.7
Census HVS,45 to 54 years,2014,Q3,2014 Q3,70.1
Census HVS,45 to 54 years,2014,Q4,2014 Q4,70.5
Census HVS,45 to 54 years,2015,Q1,2015 Q1,70.1
Census HVS,45 to 54 years,2015,Q2,2015 Q2,69.9
Census HVS,45 to 54 years,2015,Q3,2015 Q3,69.9
Census HVS,45 to 54 years,2015,Q4,2015 Q4,70.1
Census HVS,45 to 54 years,2016,Q1,2016 Q1,69.2
Census HVS,45 to 54 years,2016,Q2,2016 Q2,69.1
Census HVS,45 to 54 years,2016,Q3,2016 Q3,69.1
Census HVS,45 to 54 years,2016,Q4,2016 Q4,69.8
Census HVS,45 to 54 years,2017,Q1,2017 Q1,69.4
Census HVS,45 to 54 years,2017,Q2,2017 Q2,69.3
Census HVS,45 to 54 years,2017,Q3,2017 Q3,69.1
Census HVS,45 to 54 years,2017,Q4,2017 Q4,69.5
Census HVS,45 to 54 years,2018,Q1,2018 Q1,70.0
Census HVS,45 to 54 years,2018,Q2,2018 Q2,70.6
Census HVS,45 to 54 years,2018,Q3,2018 Q3,69.7
Census HVS,45 to 54 years,2018,Q4,2018 Q4,70.1
Census HVS,45 to 54 years,2019,Q1,2019 Q1,69.5
Census HVS,45 to 54 years,2019,Q2,2019 Q2,70.1
Census HVS,45 to 54 years,2019,Q3,2019 Q3,70.1
Census HVS,45 to 54 years,2019,Q4,2019 Q4,70.6
Census HVS,45 to 54 years,2020,Q1,2020 Q1,70.3
Census HVS,45 to 54 years,2020,Q2,2020 Q2,72.2
Census HVS,45 to 54 years,2020,Q3,2020 Q3,72.0
Census HVS,45 to 54 years,2020,Q4,2020 Q4,69.8
Census HVS,45 to 54 years,2021,Q1,2021 Q1,69.4
Census HVS,45 to 54 years,2021,Q2,2021 Q2,69.4
Census HVS,45 to 54 years,2021,Q3,2021 Q3,70.1
Census HVS,45 to 54 years,2021,Q4,2021 Q4,70.0
Census HVS,45 to 54 years,2022,Q1,2022 Q1,69.4
Census HVS,45 to 54 years,2022,Q2,2022 Q2,70.6
Census HVS,45 to 54 years,2022,Q3,2022 Q3,71.4
Census HVS,45 to 54 years,2022,Q4,2022 Q4,70.6
Census HVS,45 to 54 years,2023,Q1,2023 Q1,70.1
Census HVS,45 to 54 years,2023,Q2,2023 Q2,70.8
Census HVS,45 to 54 years,2023,Q3,2023 Q3,71.0
Census HVS,45 to 54 years,2023,Q4,2023 Q4,70.3
Census HVS,45 to 54 years,2024,Q1,2024 Q1,70.8
Census HVS,45 to 54 years,2024,Q2,2024 Q2,71.1
Census HVS,45 to 54 years,2024,Q3,2024 Q3,69.7
Census HVS,45 to 54 years,2024,Q4,2024 Q4,71.0
Census HVS,45 to 54 years,2025,Q1,2025 Q1,70.6
Census HVS,45 to 54 years,2025,Q2,2025 Q2,69.2
Census HVS,45 to 54 years,2025,Q3,2025 Q3,70.0
Census HVS,45 to 54 years,2025,Q4,2025 Q4,69.5
Census HVS,55 to 64 years,1994,Q1,1994 Q1,79.3
Census HVS,55 to 64 years,1994,Q2,1994 Q2,79.1
Census HVS,55 to 64 years,1994,Q3,1994 Q3,79.4
Census HVS,55 to 64 years,1994,Q4,1994 Q4,79.2
Census HVS,55 to 64 years,1995,Q1,1995 Q1,79.4
Census HVS,55 to 64 years,1995,Q2,1995 Q2,79.9
Census HVS,55 to 64 years,1995,Q3,1995 Q3,79.3
Census HVS,55 to 64 years,1995,Q4,1995 Q4,79.5
Census HVS,55 to 64 years,1996,Q1,1996 Q1,80.2
Census HVS,55 to 64 years,1996,Q2,1996 Q2,80.0
Census HVS,55 to 64 years,1996,Q3,1996 Q3,79.7
Census HVS,55 to 64 years,1996,Q4,1996 Q4,80.1
Census HVS,55 to 64 years,1997,Q1,1997 Q1,79.6
Census HVS,55 to 64 years,1997,Q2,1997 Q2,80.3
Census HVS,55 to 64 years,1997,Q3,1997 Q3,80.1
Census HVS,55 to 64 years,1997,Q4,1997 Q4,80.3
Census HVS,55 to 64 years,1998,Q1,1998 Q1,80.3
Census HVS,55 to 64 years,1998,Q2,1998 Q2,80.4
Census HVS,55 to 64 years,1998,Q3,1998 Q3,81.1
Census HVS,55 to 64 years,1998,Q4,1998 Q4,81.7
Census HVS,55 to 64 years,1999,Q1,1999 Q1,81.1
Census HVS,55 to 64 years,1999,Q2,1999 Q2,80.8
Census HVS,55 to 64 years,1999,Q3,1999 Q3,80.7
Census HVS,55 to 64 years,1999,Q4,1999 Q4,81.3
Census HVS,55 to 64 years,2000,Q1,2000 Q1,80.8
Census HVS,55 to 64 years,2000,Q2,2000 Q2,80.3
Census HVS,55 to 64 years,2000,Q3,2000 Q3,80.1
Census HVS,55 to 64 years,2000,Q4,2000 Q4,80.2
Census HVS,55 to 64 years,2001,Q1,2001 Q1,80.8
Census HVS,55 to 64 years,2001,Q1,2001 Q1,80.9
Census HVS,55 to 64 years,2001,Q2,2001 Q2,81.5
Census HVS,55 to 64 years,2001,Q2,2001 Q2,81.6
Census HVS,55 to 64 years,2001,Q3,2001 Q3,81.6
Census HVS,55 to 64 years,2001,Q3,2001 Q3,81.1
Census HVS,55 to 64 years,2001,Q4,2001 Q4,81.4
Census HVS,55 to 64 years,2001,Q4,2001 Q4,81.3
Census HVS,55 to 64 years,2003,Q1,2003 Q1,81.4
Census HVS,55 to 64 years,2003,Q2,2003 Q2,80.8
Census HVS,55 to 64 years,2003,Q3,2003 Q3,81.3
Census HVS,55 to 64 years,2003,Q4,2003 Q4,81.5
Census HVS,55 to 64 years,2004,Q1,2004 Q1,81.7
Census HVS,55 to 64 years,2004,Q2,2004 Q2,82.4
Census HVS,55 to 64 years,2004,Q3,2004 Q3,81.2
Census HVS,55 to 64 years,2004,Q4,2004 Q4,81.6
Census HVS,55 to 64 years,2005,Q1,2005 Q1,81.8
Census HVS,55 to 64 years,2005,Q2,2005 Q2,81.3
Census HVS,55 to 64 years,2005,Q3,2005 Q3,80.9
Census HVS,55 to 64 years,2005,Q4,2005 Q4,80.6
Census HVS,55 to 64 years,2006,Q1,2006 Q1,81.2
Census HVS,55 to 64 years,2006,Q2,2006 Q2,81.0
Census HVS,55 to 64 years,2006,Q3,2006 Q3,80.7
Census HVS,55 to 64 years,2006,Q4,2006 Q4,80.7
Census HVS,55 to 64 years,2007,Q1,2007 Q1,80.4
Census HVS,55 to 64 years,2007,Q2,2007 Q2,80.6
Census HVS,55 to 64 years,2007,Q3,2007 Q3,81.1
Census HVS,55 to 64 years,2007,Q4,2007 Q4,80.4
Census HVS,55 to 64 years,2008,Q1,2008 Q1,80.4
Census HVS,55 to 64 years,2008,Q2,2008 Q2,80.1
Census HVS,55 to 64 years,2008,Q3,2008 Q3,80.0
Census HVS,55 to 64 years,2008,Q4,2008 Q4,79.7
Census HVS,55 to 64 years,2009,Q1,2009 Q1,79.8
Census HVS,55 to 64 years,2009,Q2,2009 Q2,79.9
Census HVS,55 to 64 years,2009,Q3,2009 Q3,79.4
Census HVS,55 to 64 years,2009,Q4,2009 Q4,78.9
Census HVS,55 to 64 years,2010,Q1,2010 Q1,79.1
Census HVS,55 to 64 years,2010,Q2,2010 Q2,78.7
Census HVS,55 to 64 years,2010,Q3,2010 Q3,79.2
Census HVS,55 to 64 years,2010,Q4,2010 Q4,79.0
Census HVS,55 to 64 years,2011,Q1,2011 Q1,78.6
Census HVS,55 to 64 years,2011,Q2,2011 Q2,77.8
Census HVS,55 to 64 years,2011,Q3,2011 Q3,78.6
Census HVS,55 to 64 years,2011,Q4,2011 Q4,79.0
Census HVS,55 to 64 years,2012,Q1,2012 Q1,77.8
Census HVS,55 to 64 years,2012,Q2,2012 Q2,77.1
Census HVS,55 to 64 years,2012,Q3,2012 Q3,76.9
Census HVS,55 to 64 years,2012,Q4,2012 Q4,77.6
Census HVS,55 to 64 years,2013,Q1,2013 Q1,77.0
Census HVS,55 to 64 years,2013,Q2,2013 Q2,76.7
Census HVS,55 to 64 years,2013,Q3,2013 Q3,76.2
Census HVS,55 to 64 years,2013,Q4,2013 Q4,76.5
Census HVS,55 to 64 years,2014,Q1,2014 Q1,76.4
Census HVS,55 to 64 years,2014,Q2,2014 Q2,76.4
Census HVS,55 to 64 years,2014,Q3,2014 Q3,76.6
Census HVS,55 to 64 years,2014,Q4,2014 Q4,75.8
Census HVS,55 to 64 years,2015,Q1,2015 Q1,75.8
Census HVS,55 to 64 years,2015,Q2,2015 Q2,75.4
Census HVS,55 to 64 years,2015,Q3,2015 Q3,75.3
Census HVS,55 to 64 years,2015,Q4,2015 Q4,75.2
Census HVS,55 to 64 years,2016,Q1,2016 Q1,75.7
Census HVS,55 to 64 years,2016,Q2,2016 Q2,74.7
Census HVS,55 to 64 years,2016,Q3,2016 Q3,74.9
Census HVS,55 to 64 years,2016,Q4,2016 Q4,74.8
Census HVS,55 to 64 years,2017,Q1,2017 Q1,75.6
Census HVS,55 to 64 years,2017,Q2,2017 Q2,75.4
Census HVS,55 to 64 years,2017,Q3,2017 Q3,75.0
Census HVS,55 to 64 years,2017,Q4,2017 Q4,75.3
Census HVS,55 to 64 years,2018,Q1,2018 Q1,75.4
Census HVS,55 to 64 years,2018,Q2,2018 Q2,75.1
Census HVS,55 to 64 years,2018,Q3,2018 Q3,75.6
Census HVS,55 to 64 years,2018,Q4,2018 Q4,75.5
Census HVS,55 to 64 years,2019,Q1,2019 Q1,75.4
Census HVS,55 to 64 years,2019,Q2,2019 Q2,74.8
Census HVS,55 to 64 years,2019,Q3,2019 Q3,75.1
Census HVS,55 to 64 years,2019,Q4,2019 Q4,75.6
Census HVS,55 to 64 years,2020,Q1,2020 Q1,76.3
Census HVS,55 to 64 years,2020,Q2,2020 Q2,77.4
Census HVS,55 to 64 years,2020,Q3,2020 Q3,76.4
Census HVS,55 to 64 years,2020,Q4,2020 Q4,76.0
Census HVS,55 to 64 years,2021,Q1,2021 Q1,75.7
Census HVS,55 to 64 years,2021,Q2,2021 Q2,75.4
Census HVS,55 to 64 years,2021,Q3,2021 Q3,73.7
Census HVS,55 to 64 years,2021,Q4,2021 Q4,75.3
Census HVS,55 to 64 years,2022,Q1,2022 Q1,75.0
Census HVS,55 to 64 years,2022,Q2,2022 Q2,75.1
Census HVS,55 to 64 years,2022,Q3,2022 Q3,74.6
Census HVS,55 to 64 years,2022,Q4,2022 Q4,75.7
Census HVS,55 to 64 years,2023,Q1,2023 Q1,76.1
Census HVS,55 to 64 years,2023,Q2,2023 Q2,75.5
Census HVS,55 to 64 years,2023,Q3,2023 Q3,75.4
Census HVS,55 to 64 years,2023,Q4,2023 Q4,76.0
Census HVS,55 to 64 years,2024,Q1,2024 Q1,76.3
Census HVS,55 to 64 years,2024,Q2,2024 Q2,75.8
Census HVS,55 to 64 years,2024,Q3,2024 Q3,75.9
Census HVS,55 to 64 years,2024,Q4,2024 Q4,76.3
Census HVS,55 to 64 years,2025,Q1,2025 Q1,75.2
Census HVS,55 to 64 years,2025,Q2,2025 Q2,75.8
Census HVS,55 to 64 years,2025,Q3,2025 Q3,76.0
Census HVS,55 to 64 years,2025,Q4,2025 Q4,76.7
Census HVS,65 years and over,1994,Q1,1994 Q1,77.4
Census HVS,65 years and over,1994,Q2,1994 Q2,77.2
Census HVS,65 years and over,1994,Q3,1994 Q3,77.2
Census HVS,65 years and over,1994,Q4,1994 Q4,77.7
Census HVS,65 years and over,1995,Q1,1995 Q1,77.5
Census HVS,65 years and over,1995,Q2,1995 Q2,78.1
Census HVS,65 years and over,1995,Q3,1995 Q3,78.1
Census HVS,65 years and over,1995,Q4,1995 Q4,78.7
Census HVS,65 years and over,1996,Q1,1996 Q1,79.1
Census HVS,65 years and over,1996,Q2,1996 Q2,78.9
Census HVS,65 years and over,1996,Q3,1996 Q3,78.6
Census HVS,65 years and over,1996,Q4,1996 Q4,79.2
Census HVS,65 years and over,1997,Q1,1997 Q1,79.2
Census HVS,65 years and over,1997,Q2,1997 Q2,79.1
Census HVS,65 years and over,1997,Q3,1997 Q3,79.2
Census HVS,65 years and over,1997,Q4,1997 Q4,79.1
Census HVS,65 years and over,1998,Q1,1998 Q1,79.1
Census HVS,65 years and over,1998,Q2,1998 Q2,79.2
Census HVS,65 years and over,1998,Q3,1998 Q3,79.7
Census HVS,65 years and over,1998,Q4,1998 Q4,79.2
Census HVS,65 years and over,1999,Q1,1999 Q1,79.8
Census HVS,65 years and over,1999,Q2,1999 Q2,80.4
Census HVS,65 years and over,1999,Q3,1999 Q3,80.8
Census HVS,65 years and over,1999,Q4,1999 Q4,79.6
Census HVS,65 years and over,2000,Q1,2000 Q1,80.1
Census HVS,65 years and over,2000,Q2,2000 Q2,80.3
Census HVS,65 years and over,2000,Q3,2000 Q3,80.7
Census HVS,65 years and over,2000,Q4,2000 Q4,80.4
Census HVS,65 years and over,2001,Q1,2001 Q1,80.7
Census HVS,65 years and over,2001,Q1,2001 Q1,80.9
Census HVS,65 years and over,2001,Q2,2001 Q2,79.7
Census HVS,65 years and over,2001,Q2,2001 Q2,80.2
Census HVS,65 years and over,2001,Q3,2001 Q3,80.3
Census HVS,65 years and over,2001,Q3,2001 Q3,80.7
Census HVS,65 years and over,2001,Q4,2001 Q4,80.7
Census HVS,65 years and over,2001,Q4,2001 Q4,80.8
Census HVS,65 years and over,2003,Q1,2003 Q1,80.2
Census HVS,65 years and over,2003,Q2,2003 Q2,80.1
Census HVS,65 years and over,2003,Q3,2003 Q3,80.4
Census HVS,65 years and over,2003,Q4,2003 Q4,80.8
Census HVS,65 years and over,2004,Q1,2004 Q1,80.7
Census HVS,65 years and over,2004,Q2,2004 Q2,81.1
Census HVS,65 years and over,2004,Q3,2004 Q3,81.8
Census HVS,65 years and over,2004,Q4,2004 Q4,80.5
Census HVS,65 years and over,2005,Q1,2005 Q1,80.8
Census HVS,65 years and over,2005,Q2,2005 Q2,80.3
Census HVS,65 years and over,2005,Q3,2005 Q3,80.6
Census HVS,65 years and over,2005,Q4,2005 Q4,80.6
Census HVS,65 years and over,2006,Q1,2006 Q1,80.3
Census HVS,65 years and over,2006,Q2,2006 Q2,80.6
Census HVS,65 years and over,2006,Q3,2006 Q3,81.5
Census HVS,65 years and over,2006,Q4,2006 Q4,81.2
Census HVS,65 years and over,2007,Q1,2007 Q1,80.9
Census HVS,65 years and over,2007,Q2,2007 Q2,80.5
Census HVS,65 years and over,2007,Q3,2007 Q3,79.9
Census HVS,65 years and over,2007,Q4,2007 Q4,80.3
Census HVS,65 years and over,2008,Q1,2008 Q1,79.9
Census HVS,65 years and over,2008,Q2,2008 Q2,80.2
Census HVS,65 years and over,2008,Q3,2008 Q3,80.1
Census HVS,65 years and over,2008,Q4,2008 Q4,80.4
Census HVS,65 years and over,2009,Q1,2009 Q1,80.4
Census HVS,65 years and over,2009,Q2,2009 Q2,80.4
Census HVS,65 years and over,2009,Q3,2009 Q3,80.9
Census HVS,65 years and over,2009,Q4,2009 Q4,80.2
Census HVS,65 years and over,2010,Q1,2010 Q1,80.6
Census HVS,65 years and over,2010,Q2,2010 Q2,80.4
Census HVS,65 years and over,2010,Q3,2010 Q3,80.6
Census HVS,65 years and over,2010,Q4,2010 Q4,80.5
Census HVS,65 years and over,2011,Q1,2011 Q1,81.0
Census HVS,65 years and over,2011,Q2,2011 Q2,80.8
Census HVS,65 years and over,2011,Q3,2011 Q3,81.1
Census HVS,65 years and over,2011,Q4,2011 Q4,80.9
Census HVS,65 years and over,2012,Q1,2012 Q1,80.9
Census HVS,65 years and over,2012,Q2,2012 Q2,81.6
Census HVS,65 years and over,2012,Q3,2012 Q3,81.4
Census HVS,65 years and over,2012,Q4,2012 Q4,80.7
Census HVS,65 years and over,2013,Q1,2013 Q1,80.4
Census HVS,65 years and over,2013,Q2,2013 Q2,80.9
Census HVS,65 years and over,2013,Q3,2013 Q3,81.2
Census HVS,65 years and over,2013,Q4,2013 Q4,80.7
Census HVS,65 years and over,2014,Q1,2014 Q1,79.9
Census HVS,65 years and over,2014,Q2,2014 Q2,80.1
Census HVS,65 years and over,2014,Q3,2014 Q3,80.0
Census HVS,65 years and over,2014,Q4,2014 Q4,79.5
Census HVS,65 years and over,2015,Q1,2015 Q1,79.0
Census HVS,65 years and over,2015,Q2,2015 Q2,78.5
Census HVS,65 years and over,2015,Q3,2015 Q3,78.7
Census HVS,65 years and over,2015,Q4,2015 Q4,79.3
Census HVS,65 years and over,2016,Q1,2016 Q1,78.8
Census HVS,65 years and over,2016,Q2,2016 Q2,77.9
Census HVS,65 years and over,2016,Q3,2016 Q3,79.0
Census HVS,65 years and over,2016,Q4,2016 Q4,79.5
Census HVS,65 years and over,2017,Q1,2017 Q1,78.6
Census HVS,65 years and over,2017,Q2,2017 Q2,78.2
Census HVS,65 years and over,2017,Q3,2017 Q3,78.9
Census HVS,65 years and over,2017,Q4,2017 Q4,79.2
Census HVS,65 years and over,2018,Q1,2018 Q1,78.5
Census HVS,65 years and over,2018,Q2,2018 Q2,78.0
Census HVS,65 years and over,2018,Q3,2018 Q3,78.6
Census HVS,65 years and over,2018,Q4,2018 Q4,78.8
Census HVS,65 years and over,2019,Q1,2019 Q1,78.5
Census HVS,65 years and over,2019,Q2,2019 Q2,78.0
Census HVS,65 years and over,2019,Q3,2019 Q3,78.9
Census HVS,65 years and over,2019,Q4,2019 Q4,79.0
Census HVS,65 years and over,2020,Q1,2020 Q1,78.7
Census HVS,65 years and over,2020,Q2,2020 Q2,80.4
Census HVS,65 years and over,2020,Q3,2020 Q3,80.7
Census HVS,65 years and over,2020,Q4,2020 Q4,80.2
Census HVS,65 years and over,2021,Q1,2021 Q1,79.3
Census HVS,65 years and over,2021,Q2,2021 Q2,79.6
Census HVS,65 years and over,2021,Q3,2021 Q3,79.7
Census HVS,65 years and over,2021,Q4,2021 Q4,79.4
Census HVS,65 years and over,2022,Q1,2022 Q1,78.6
Census HVS,65 years and over,2022,Q2,2022 Q2,79.3
Census HVS,65 years and over,2022,Q3,2022 Q3,79.5
Census HVS,65 years and over,2022,Q4,2022 Q4,79.0
Census HVS,65 years and over,2023,Q1,2023 Q1,78.8
Census HVS,65 years and over,2023,Q2,2023 Q2,78.9
Census HVS,65 years and over,2023,Q3,2023 Q3,79.2
Census HVS,65 years and over,2023,Q4,2023 Q4,79.0
Census HVS,65 years and over,2024,Q1,2024 Q1,78.7
Census HVS,65 years and over,2024,Q2,2024 Q2,78.6
Census HVS,65 years and over,2024,Q3,2024 Q3,79.1
Census HVS,65 years and over,2024,Q4,2024 Q4,79.5
Census HVS,65 years and over,2025,Q1,2025 Q1,79.0
Census HVS,65 years and over,2025,Q2,2025 Q2,78.6
Census HVS,65 years and over,2025,Q3,2025 Q3,77.9
Census HVS,65 years and over,2025,Q4,2025 Q4,79.0
Census HVS,U.S.,1994,Q1,1994 Q1,63.8
Census HVS,U.S.,1994,Q2,1994 Q2,63.8
Census HVS,U.S.,1994,Q3,1994 Q3,64.1
Census HVS,U.S.,1994,Q4,1994 Q4,64.2
Census HVS,U.S.,1995,Q1,1995 Q1,64.2
Census HVS,U.S.,1995,Q2,1995 Q2,64.7
Census HVS,U.S.,1995,Q3,1995 Q3,65.0
Census HVS,U.S.,1995,Q4,1995 Q4,65.1
Census HVS,U.S.,1996,Q1,1996 Q1,65.1
Census HVS,U.S.,1996,Q2,1996 Q2,65.4
Census HVS,U.S.,1996,Q3,1996 Q3,65.6
Census HVS,U.S.,1996,Q4,1996 Q4,65.4
Census HVS,U.S.,1997,Q1,1997 Q1,65.4
Census HVS,U.S.,1997,Q2,1997 Q2,65.7
Census HVS,U.S.,1997,Q3,1997 Q3,66.0
Census HVS,U.S.,1997,Q4,1997 Q4,65.7
Census HVS,U.S.,1998,Q1,1998 Q1,65.9
Census HVS,U.S.,1998,Q2,1998 Q2,66.0
Census HVS,U.S.,1998,Q3,1998 Q3,66.8
Census HVS,U.S.,1998,Q4,1998 Q4,66.4
Census HVS,U.S.,1999,Q1,1999 Q1,66.7
Census HVS,U.S.,1999,Q2,1999 Q2,66.6
Census HVS,U.S.,1999,Q3,1999 Q3,67.0
Census HVS,U.S.,1999,Q4,1999 Q4,66.9
Census HVS,U.S.,2000,Q1,2000 Q1,67.1
Census HVS,U.S.,2000,Q2,2000 Q2,67.2
Census HVS,U.S.,2000,Q3,2000 Q3,67.7
Census HVS,U.S.,2000,Q4,2000 Q4,67.5
Census HVS,U.S.,2001,Q1,2001 Q1,67.5
Census HVS,U.S.,2001,Q1,2001 Q1,67.8
Census HVS,U.S.,2001,Q2,2001 Q2,67.7
Census HVS,U.S.,2001,Q2,2001 Q2,68.0
Census HVS,U.S.,2001,Q3,2001 Q3,68.1
Census HVS,U.S.,2001,Q3,2001 Q3,68.4
Census HVS,U.S.,2001,Q4,2001 Q4,68.0
Census HVS,U.S.,2001,Q4,2001 Q4,68.6
Census HVS,U.S.,2003,Q1,2003 Q1,68.0
Census HVS,U.S.,2003,Q2,2003 Q2,67.6
Census HVS,U.S.,2003,Q3,2003 Q3,68.0
Census HVS,U.S.,2003,Q4,2003 Q4,68.3
Census HVS,U.S.,2004,Q1,2004 Q1,68.6
Census HVS,U.S.,2004,Q2,2004 Q2,69.2
Census HVS,U.S.,2004,Q3,2004 Q3,69.0
Census HVS,U.S.,2004,Q4,2004 Q4,69.2
Census HVS,U.S.,2005,Q1,2005 Q1,69.1
Census HVS,U.S.,2005,Q2,2005 Q2,68.6
Census HVS,U.S.,2005,Q3,2005 Q3,68.8
Census HVS,U.S.,2005,Q4,2005 Q4,69.0
Census HVS,U.S.,2006,Q1,2006 Q1,68.5
Census HVS,U.S.,2006,Q2,2006 Q2,68.7
Census HVS,U.S.,2006,Q3,2006 Q3,69.0
Census HVS,U.S.,2006,Q4,2006 Q4,68.9
Census HVS,U.S.,2007,Q1,2007 Q1,68.4
Census HVS,U.S.,2007,Q2,2007 Q2,68.2
Census HVS,U.S.,2007,Q3,2007 Q3,68.2
Census HVS,U.S.,2007,Q4,2007 Q4,67.8
Census HVS,U.S.,2008,Q1,2008 Q1,67.8
Census HVS,U.S.,2008,Q2,2008 Q2,68.1
Census HVS,U.S.,2008,Q3,2008 Q3,67.9
Census HVS,U.S.,2008,Q4,2008 Q4,67.5
Census HVS,U.S.,2009,Q1,2009 Q1,67.3
Census HVS,U.S.,2009,Q2,2009 Q2,67.4
Census HVS,U.S.,2009,Q3,2009 Q3,67.6
Census HVS,U.S.,2009,Q4,2009 Q4,67.2
Census HVS,U.S.,2010,Q1,2010 Q1,67.1
Census HVS,U.S.,2010,Q2,2010 Q2,66.9
Census HVS,U.S.,2010,Q3,2010 Q3,66.9
Census HVS,U.S.,2010,Q4,2010 Q4,66.5
Census HVS,U.S.,2011,Q1,2011 Q1,66.4
Census HVS,U.S.,2011,Q2,2011 Q2,65.9
Census HVS,U.S.,2011,Q3,2011 Q3,66.3
Census HVS,U.S.,2011,Q4,2011 Q4,66.0
Census HVS,U.S.,2012,Q1,2012 Q1,65.4
Census HVS,U.S.,2012,Q2,2012 Q2,65.5
Census HVS,U.S.,2012,Q3,2012 Q3,65.5
Census HVS,U.S.,2012,Q4,2012 Q4,65.4
Census HVS,U.S.,2013,Q1,2013 Q1,65.0
Census HVS,U.S.,2013,Q2,2013 Q2,65.0
Census HVS,U.S.,2013,Q3,2013 Q3,65.3
Census HVS,U.S.,2013,Q4,2013 Q4,65.2
Census HVS,U.S.,2014,Q1,2014 Q1,64.8
Census HVS,U.S.,2014,Q2,2014 Q2,64.7
Census HVS,U.S.,2014,Q3,2014 Q3,64.4
Census HVS,U.S.,2014,Q4,2014 Q4,64.0
Census HVS,U.S.,2015,Q1,2015 Q1,63.7
Census HVS,U.S.,2015,Q2,2015 Q2,63.4
Census HVS,U.S.,2015,Q3,2015 Q3,63.7
Census HVS,U.S.,2015,Q4,2015 Q4,63.8
Census HVS,U.S.,2016,Q1,2016 Q1,63.5
Census HVS,U.S.,2016,Q2,2016 Q2,62.9
Census HVS,U.S.,2016,Q3,2016 Q3,63.5
Census HVS,U.S.,2016,Q4,2016 Q4,63.7
Census HVS,U.S.,2017,Q1,2017 Q1,63.6
Census HVS,U.S.,2017,Q2,2017 Q2,63.7
Census HVS,U.S.,2017,Q3,2017 Q3,63.9
Census HVS,U.S.,2017,Q4,2017 Q4,64.2
Census HVS,U.S.,2018,Q1,2018 Q1,64.2
Census HVS,U.S.,2018,Q2,2018 Q2,64.3
Census HVS,U.S.,2018,Q3,2018 Q3,64.4
Census HVS,U.S.,2018,Q4,2018 Q4,64.8
Census HVS,U.S.,2019,Q1,2019 Q1,64.2
Census HVS,U.S.,2019,Q2,2019 Q2,64.1
Census HVS,U.S.,2019,Q3,2019 Q3,64.8
Census HVS,U.S.,2019,Q4,2019 Q4,65.1
Census HVS,U.S.,2020,Q1,2020 Q1,65.3
Census HVS,U.S.,2020,Q2,2020 Q2,67.9
Census HVS,U.S.,2020,Q3,2020 Q3,67.4
Census HVS,U.S.,2020,Q4,2020 Q4,65.8
Census HVS,U.S.,2021,Q1,2021 Q1,65.6
Census HVS,U.S.,2021,Q2,2021 Q2,65.4
Census HVS,U.S.,2021,Q3,2021 Q3,65.4
Census HVS,U.S.,2021,Q4,2021 Q4,65.5
Census HVS,U.S.,2022,Q1,2022 Q1,65.4
Census HVS,U.S.,2022,Q2,2022 Q2,65.8
Census HVS,U.S.,2022,Q3,2022 Q3,66.0
Census HVS,U.S.,2022,Q4,2022 Q4,65.9
Census HVS,U.S.,2023,Q1,2023 Q1,66.0
Census HVS,U.S.,2023,Q2,2023 Q2,65.9
Census HVS,U.S.,2023,Q3,2023 Q3,66.0
Census HVS,U.S.,2023,Q4,2023 Q4,65.7
Census HVS,U.S.,2024,Q1,2024 Q1,65.6
Census HVS,U.S.,2024,Q2,2024 Q2,65.6
Census HVS,U.S.,2024,Q3,2024 Q3,65.6
Census HVS,U.S.,2024,Q4,2024 Q4,65.7
Census HVS,U.S.,2025,Q1,2025 Q1,65.1
Census HVS,U.S.,2025,Q2,2025 Q2,65.0
Census HVS,U.S.,2025,Q3,2025 Q3,65.3
Census HVS,U.S.,2025,Q4,2025 Q4,65.7
Census HVS,Under 35 years,1994,Q1,1994 Q1,37.1
Census HVS,Under 35 years,1994,Q2,1994 Q2,36.8
Census HVS,Under 35 years,1994,Q3,1994 Q3,37.5
Census HVS,Under 35 years,1994,Q4,1994 Q4,38.0
Census HVS,Under 35 years,1995,Q1,1995 Q1,37.7
Census HVS,Under 35 years,1995,Q2,1995 Q2,38.7
Census HVS,Under 35 years,1995,Q3,1995 Q3,39.1
Census HVS,Under 35 years,1995,Q4,1995 Q4,39.1
Census HVS,Under 35 years,1996,Q1,1996 Q1,38.8
Census HVS,Under 35 years,1996,Q2,1996 Q2,39.3
Census HVS,Under 35 years,1996,Q3,1996 Q3,39.0
Census HVS,Under 35 years,1996,Q4,1996 Q4,39.1
Census HVS,Under 35 years,1997,Q1,1997 Q1,38.6
Census HVS,Under 35 years,1997,Q2,1997 Q2,38.6
Census HVS,Under 35 years,1997,Q3,1997 Q3,38.9
Census HVS,Under 35 years,1997,Q4,1997 Q4,38.7
Census HVS,Under 35 years,1998,Q1,1998 Q1,39.0
Census HVS,Under 35 years,1998,Q2,1998 Q2,39.3
Census HVS,Under 35 years,1998,Q3,1998 Q3,39.5
Census HVS,Under 35 years,1998,Q4,1998 Q4,39.6
Census HVS,Under 35 years,1999,Q1,1999 Q1,39.4
Census HVS,Under 35 years,1999,Q2,1999 Q2,39.1
Census HVS,Under 35 years,1999,Q3,1999 Q3,40.1
Census HVS,Under 35 years,1999,Q4,1999 Q4,40.3
Census HVS,Under 35 years,2000,Q1,2000 Q1,40.5
Census HVS,Under 35 years,2000,Q2,2000 Q2,40.2
Census HVS,Under 35 years,2000,Q3,2000 Q3,41.1
Census HVS,Under 35 years,2000,Q4,2000 Q4,41.2
Census HVS,Under 35 years,2001,Q1,2001 Q1,40.4
Census HVS,Under 35 years,2001,Q1,2001 Q1,41.0
Census HVS,Under 35 years,2001,Q2,2001 Q2,40.8
Census HVS,Under 35 years,2001,Q2,2001 Q2,41.9
Census HVS,Under 35 years,2001,Q3,2001 Q3,41.6
Census HVS,Under 35 years,2001,Q3,2001 Q3,42.5
Census HVS,Under 35 years,2001,Q4,2001 Q4,42.2
Census HVS,Under 35 years,2001,Q4,2001 Q4,42.7
Census HVS,Under 35 years,2003,Q1,2003 Q1,41.7
Census HVS,Under 35 years,2003,Q2,2003 Q2,40.8
Census HVS,Under 35 years,2003,Q3,2003 Q3,41.5
Census HVS,Under 35 years,2003,Q4,2003 Q4,42.0
Census HVS,Under 35 years,2004,Q1,2004 Q1,42.3
Census HVS,Under 35 years,2004,Q2,2004 Q2,43.6
Census HVS,Under 35 years,2004,Q3,2004 Q3,43.1
Census HVS,Under 35 years,2004,Q4,2004 Q4,43.3
Census HVS,Under 35 years,2005,Q1,2005 Q1,43.3
Census HVS,Under 35 years,2005,Q2,2005 Q2,42.8
Census HVS,Under 35 years,2005,Q3,2005 Q3,43.0
Census HVS,Under 35 years,2005,Q4,2005 Q4,43.1
Census HVS,Under 35 years,2006,Q1,2006 Q1,42.3
Census HVS,Under 35 years,2006,Q2,2006 Q2,42.4
Census HVS,Under 35 years,2006,Q3,2006 Q3,43.0
Census HVS,Under 35 years,2006,Q4,2006 Q4,42.8
Census HVS,Under 35 years,2007,Q1,2007 Q1,41.7
Census HVS,Under 35 years,2007,Q2,2007 Q2,41.9
Census HVS,Under 35 years,2007,Q3,2007 Q3,42.0
Census HVS,Under 35 years,2007,Q4,2007 Q4,41.0
Census HVS,Under 35 years,2008,Q1,2008 Q1,41.3
Census HVS,Under 35 years,2008,Q2,2008 Q2,41.2
Census HVS,Under 35 years,2008,Q3,2008 Q3,41.0
Census HVS,Under 35 years,2008,Q4,2008 Q4,40.3
Census HVS,Under 35 years,2009,Q1,2009 Q1,39.8
Census HVS,Under 35 years,2009,Q2,2009 Q2,39.0
Census HVS,Under 35 years,2009,Q3,2009 Q3,39.8
Census HVS,Under 35 years,2009,Q4,2009 Q4,40.4
Census HVS,Under 35 years,2010,Q1,2010 Q1,38.9
Census HVS,Under 35 years,2010,Q2,2010 Q2,39.0
Census HVS,Under 35 years,2010,Q3,2010 Q3,39.2
Census HVS,Under 35 years,2010,Q4,2010 Q4,39.2
Census HVS,Under 35 years,2011,Q1,2011 Q1,37.9
Census HVS,Under 35 years,2011,Q2,2011 Q2,37.5
Census HVS,Under 35 years,2011,Q3,2011 Q3,38.0
Census HVS,Under 35 years,2011,Q4,2011 Q4,37.6
Census HVS,Under 35 years,2012,Q1,2012 Q1,36.8
Census HVS,Under 35 years,2012,Q2,2012 Q2,36.5
Census HVS,Under 35 years,2012,Q3,2012 Q3,36.3
Census HVS,Under 35 years,2012,Q4,2012 Q4,37.1
Census HVS,Under 35 years,2013,Q1,2013 Q1,36.8
Census HVS,Under 35 years,2013,Q2,2013 Q2,36.7
Census HVS,Under 35 years,2013,Q3,2013 Q3,36.8
Census HVS,Under 35 years,2013,Q4,2013 Q4,36.8
Census HVS,Under 35 years,2014,Q1,2014 Q1,36.2
Census HVS,Under 35 years,2014,Q2,2014 Q2,35.9
Census HVS,Under 35 years,2014,Q3,2014 Q3,36.0
Census HVS,Under 35 years,2014,Q4,2014 Q4,35.3
Census HVS,Under 35 years,2015,Q1,2015 Q1,34.6
Census HVS,Under 35 years,2015,Q2,2015 Q2,34.8
Census HVS,Under 35 years,2015,Q3,2015 Q3,35.8
Census HVS,Under 35 years,2015,Q4,2015 Q4,34.7
Census HVS,Under 35 years,2016,Q1,2016 Q1,34.2
Census HVS,Under 35 years,2016,Q2,2016 Q2,34.1
Census HVS,Under 35 years,2016,Q3,2016 Q3,35.2
Census HVS,Under 35 years,2016,Q4,2016 Q4,34.7
Census HVS,Under 35 years,2017,Q1,2017 Q1,34.3
Census HVS,Under 35 years,2017,Q2,2017 Q2,35.3
Census HVS,Under 35 years,2017,Q3,2017 Q3,35.6
Census HVS,Under 35 years,2017,Q4,2017 Q4,36.0
Census HVS,Under 35 years,2018,Q1,2018 Q1,35.3
Census HVS,Under 35 years,2018,Q2,2018 Q2,36.5
Census HVS,Under 35 years,2018,Q3,2018 Q3,36.8
Census HVS,Under 35 years,2018,Q4,2018 Q4,36.5
Census HVS,Under 35 years,2019,Q1,2019 Q1,35.4
Census HVS,Under 35 years,2019,Q2,2019 Q2,36.4
Census HVS,Under 35 years,2019,Q3,2019 Q3,37.5
Census HVS,Under 35 years,2019,Q4,2019 Q4,37.6
Census HVS,Under 35 years,2020,Q1,2020 Q1,37.3
Census HVS,Under 35 years,2020,Q2,2020 Q2,40.6
Census HVS,Under 35 years,2020,Q3,2020 Q3,40.2
Census HVS,Under 35 years,2020,Q4,2020 Q4,38.5
Census HVS,Under 35 years,2021,Q1,2021 Q1,38.1
Census HVS,Under 35 years,2021,Q2,2021 Q2,37.8
Census HVS,Under 35 years,2021,Q3,2021 Q3,38.5
Census HVS,Under 35 years,2021,Q4,2021 Q4,38.3
Census HVS,Under 35 years,2022,Q1,2022 Q1,38.8
Census HVS,Under 35 years,2022,Q2,2022 Q2,39.1
Census HVS,Under 35 years,2022,Q3,2022 Q3,39.3
Census HVS,Under 35 years,2022,Q4,2022 Q4,38.7
Census HVS,Under 35 years,2023,Q1,2023 Q1,39.3
Census HVS,Under 35 years,2023,Q2,2023 Q2,38.5
Census HVS,Under 35 years,2023,Q3,2023 Q3,38.3
Census HVS,Under 35 years,2023,Q4,2023 Q4,38.1
Census HVS,Under 35 years,2024,Q1,2024 Q1,37.7
Census HVS,Under 35 years,2024,Q2,2024 Q2,37.4
Census HVS,Under 35 years,2024,Q3,2024 Q3,37.0
Census HVS,Under 35 years,2024,Q4,2024 Q4,36.3
Census HVS,Under 35 years,2025,Q1,2025 Q1,36.6
Census HVS,Under 35 years,2025,Q2,2025 Q2,36.4
Census HVS,Under 35 years,2025,Q3,2025 Q3,37.5
Census HVS,Under 35 years,2025,Q4,2025 Q4,37.9
